id,source,skill_id,skill_name,installs,skills_url,github_repo_url,mapped_skill_md_path,mapped_skill_folder,repo_sha,mapping_status,content_sha256,canonical_id,alias_of
madsnorgaard/agent-resources/drupal-expert,madsnorgaard/agent-resources,drupal-expert,drupal-expert,142,https://skills.sh/madsnorgaard/agent-resources/drupal-expert,https://github.com/madsnorgaard/agent-resources,/Users/AlexUA/drupal-critic/research/drupal-skills/upstream/madsnorgaard__agent-resources/.claude/skills/drupal-expert/SKILL.md,/Users/AlexUA/drupal-critic/research/drupal-skills/upstream/madsnorgaard__agent-resources/.claude/skills/drupal-expert,9cb92d8e129f9cb6a11e3bfb4fb06bddbe4e5f21,mapped-frontmatter-name,15e924220d1b41ae135d0f19ec24fabb081ef60e882e30df8ff630ec28e68b91,madsnorgaard/agent-resources/drupal-expert,
madsnorgaard/agent-resources/drupal-security,madsnorgaard/agent-resources,drupal-security,drupal-security,95,https://skills.sh/madsnorgaard/agent-resources/drupal-security,https://github.com/madsnorgaard/agent-resources,/Users/AlexUA/drupal-critic/research/drupal-skills/upstream/madsnorgaard__agent-resources/.claude/skills/drupal-security/SKILL.md,/Users/AlexUA/drupal-critic/research/drupal-skills/upstream/madsnorgaard__agent-resources/.claude/skills/drupal-security,9cb92d8e129f9cb6a11e3bfb4fb06bddbe4e5f21,mapped-frontmatter-name,6ecaae5ae5cae8b7ddd3b48ca9dce41c2b85186593def6f15b17536d2f19586e,madsnorgaard/agent-resources/drupal-security,
mindrally/skills/drupal-development,mindrally/skills,drupal-development,drupal-development,78,https://skills.sh/mindrally/skills/drupal-development,https://github.com/mindrally/skills,/Users/AlexUA/drupal-critic/research/drupal-skills/upstream/mindrally__skills/drupal-development/SKILL.md,/Users/AlexUA/drupal-critic/research/drupal-skills/upstream/mindrally__skills/drupal-development,47f47c12e62f62b5e171bd5af61d0fc24b329701,mapped-frontmatter-name,d892b5af604d5d736721300b90bc6f75929376b43e1dc65ac0040982637b8fcb,mindrally/skills/drupal-development,
bethamil/agent-skills/drupal-update,bethamil/agent-skills,drupal-update,drupal-update,22,https://skills.sh/bethamil/agent-skills/drupal-update,https://github.com/bethamil/agent-skills,/Users/AlexUA/drupal-critic/research/drupal-skills/upstream/bethamil__agent-skills/drupal-update/SKILL.md,/Users/AlexUA/drupal-critic/research/drupal-skills/upstream/bethamil__agent-skills/drupal-update,e7ffea4e000553201da25c98c804105f59f718e6,mapped-frontmatter-name,7f7815fc019baa039aaeedbe17f569e9e4342c220dae8db616efd61c69feba04,bethamil/agent-skills/drupal-update,
madsnorgaard/agent-resources/drupal-migration,madsnorgaard/agent-resources,drupal-migration,drupal-migration,22,https://skills.sh/madsnorgaard/agent-resources/drupal-migration,https://github.com/madsnorgaard/agent-resources,/Users/AlexUA/drupal-critic/research/drupal-skills/upstream/madsnorgaard__agent-resources/.claude/skills/drupal-migration/SKILL.md,/Users/AlexUA/drupal-critic/research/drupal-skills/upstream/madsnorgaard__agent-resources/.claude/skills/drupal-migration,9cb92d8e129f9cb6a11e3bfb4fb06bddbe4e5f21,mapped-frontmatter-name,09d65aeb886aaedd7ba83549f44492726dd59d434da5743610b2d59600ab19f0,madsnorgaard/agent-resources/drupal-migration,
drupal-canvas/skills/canvas-component-metadata,drupal-canvas/skills,canvas-component-metadata,canvas-component-metadata,18,https://skills.sh/drupal-canvas/skills/canvas-component-metadata,https://github.com/drupal-canvas/skills,/Users/AlexUA/drupal-critic/research/drupal-skills/upstream/drupal-canvas__skills/skills/canvas-component-metadata/SKILL.md,/Users/AlexUA/drupal-critic/research/drupal-skills/upstream/drupal-canvas__skills/skills/canvas-component-metadata,ed912ea2210b373f01dd32d093cf8687dededc42,mapped-frontmatter-name,b6e2552e51583e0d5d26c226e6e9515663ce3f78de60b55319c85c71dcaaa911,drupal-canvas/skills/canvas-component-metadata,
drupal-canvas/skills/canvas-component-definition,drupal-canvas/skills,canvas-component-definition,canvas-component-definition,17,https://skills.sh/drupal-canvas/skills/canvas-component-definition,https://github.com/drupal-canvas/skills,/Users/AlexUA/drupal-critic/research/drupal-skills/upstream/drupal-canvas__skills/skills/canvas-component-definition/SKILL.md,/Users/AlexUA/drupal-critic/research/drupal-skills/upstream/drupal-canvas__skills/skills/canvas-component-definition,ed912ea2210b373f01dd32d093cf8687dededc42,mapped-frontmatter-name,4381dd0acfedcd11b84bb6775b757e68870371419d4565401b16461b1d1d9ce7,drupal-canvas/skills/canvas-component-definition,
drupal-canvas/skills/canvas-component-composability,drupal-canvas/skills,canvas-component-composability,canvas-component-composability,16,https://skills.sh/drupal-canvas/skills/canvas-component-composability,https://github.com/drupal-canvas/skills,/Users/AlexUA/drupal-critic/research/drupal-skills/upstream/drupal-canvas__skills/skills/canvas-component-composability/SKILL.md,/Users/AlexUA/drupal-critic/research/drupal-skills/upstream/drupal-canvas__skills/skills/canvas-component-composability,ed912ea2210b373f01dd32d093cf8687dededc42,mapped-frontmatter-name,9c3459fb2ef47e0772bb71a0a6cf613c765c25d4fb0aab8c1ab82bac3bba9ef2,drupal-canvas/skills/canvas-component-composability,
drupal-canvas/skills/canvas-component-upload,drupal-canvas/skills,canvas-component-upload,canvas-component-upload,16,https://skills.sh/drupal-canvas/skills/canvas-component-upload,https://github.com/drupal-canvas/skills,/Users/AlexUA/drupal-critic/research/drupal-skills/upstream/drupal-canvas__skills/skills/canvas-component-upload/SKILL.md,/Users/AlexUA/drupal-critic/research/drupal-skills/upstream/drupal-canvas__skills/skills/canvas-component-upload,ed912ea2210b373f01dd32d093cf8687dededc42,mapped-frontmatter-name,e49d05b1d4766ee91120d5a4aee51531b9ec7fe68c2d5ae2e250da6b51a2c11f,drupal-canvas/skills/canvas-component-upload,
drupal-canvas/skills/canvas-component-utils,drupal-canvas/skills,canvas-component-utils,canvas-component-utils,16,https://skills.sh/drupal-canvas/skills/canvas-component-utils,https://github.com/drupal-canvas/skills,/Users/AlexUA/drupal-critic/research/drupal-skills/upstream/drupal-canvas__skills/skills/canvas-component-utils/SKILL.md,/Users/AlexUA/drupal-critic/research/drupal-skills/upstream/drupal-canvas__skills/skills/canvas-component-utils,ed912ea2210b373f01dd32d093cf8687dededc42,mapped-frontmatter-name,140d345228d15211d76b7fe71ab48e6ed076bdcc23aac728792da36c8e4bbc63,drupal-canvas/skills/canvas-component-utils,
drupal-canvas/skills/canvas-data-fetching,drupal-canvas/skills,canvas-data-fetching,canvas-data-fetching,16,https://skills.sh/drupal-canvas/skills/canvas-data-fetching,https://github.com/drupal-canvas/skills,/Users/AlexUA/drupal-critic/research/drupal-skills/upstream/drupal-canvas__skills/skills/canvas-data-fetching/SKILL.md,/Users/AlexUA/drupal-critic/research/drupal-skills/upstream/drupal-canvas__skills/skills/canvas-data-fetching,ed912ea2210b373f01dd32d093cf8687dededc42,mapped-frontmatter-name,01f5601bbd9f336cf0dcc5975d0c88f4ed93e23b61ff48bdc61421d0b36ad752,drupal-canvas/skills/canvas-data-fetching,
drupal-canvas/skills/canvas-styling-conventions,drupal-canvas/skills,canvas-styling-conventions,canvas-styling-conventions,16,https://skills.sh/drupal-canvas/skills/canvas-styling-conventions,https://github.com/drupal-canvas/skills,/Users/AlexUA/drupal-critic/research/drupal-skills/upstream/drupal-canvas__skills/skills/canvas-styling-conventions/SKILL.md,/Users/AlexUA/drupal-critic/research/drupal-skills/upstream/drupal-canvas__skills/skills/canvas-styling-conventions,ed912ea2210b373f01dd32d093cf8687dededc42,mapped-frontmatter-name,b4fd411c565b450f72fdbabf9ea51b783f7e188844ed7fa3a893959b69dd57e8,drupal-canvas/skills/canvas-styling-conventions,
kanopi/cms-cultivator/drupalorg-issue-helper,kanopi/cms-cultivator,drupalorg-issue-helper,drupalorg-issue-helper,11,https://skills.sh/kanopi/cms-cultivator/drupalorg-issue-helper,https://github.com/kanopi/cms-cultivator,/Users/AlexUA/drupal-critic/research/drupal-skills/upstream/kanopi__cms-cultivator/skills/drupalorg-issue-helper/SKILL.md,/Users/AlexUA/drupal-critic/research/drupal-skills/upstream/kanopi__cms-cultivator/skills/drupalorg-issue-helper,f539b9044d91565669b8e64f81c4f9f06729e2fa,mapped-frontmatter-name,e894fdf24442a83d8328354550c05a8527d54f70b5688f57a8ac142353cf1089,kanopi/cms-cultivator/drupalorg-issue-helper,
omedia/drupal-skill/drupal-frontend,omedia/drupal-skill,drupal-frontend,drupal-frontend,11,https://skills.sh/omedia/drupal-skill/drupal-frontend,https://github.com/omedia/drupal-skill,/Users/AlexUA/drupal-critic/research/drupal-skills/upstream/omedia__drupal-skill/drupal-frontend/SKILL.md,/Users/AlexUA/drupal-critic/research/drupal-skills/upstream/omedia__drupal-skill/drupal-frontend,4a19d4ea80f2dd2bea2160c1a12bc425a6e13aa6,mapped-frontmatter-name,ff8d70723699a19b27030618b278f28ce8480489866e02de73ec889e5afd3791,omedia/drupal-skill/drupal-frontend,
grasmash/drupal-claude-skills/drupal-at-your-fingertips,grasmash/drupal-claude-skills,drupal-at-your-fingertips,drupal-at-your-fingertips,8,https://skills.sh/grasmash/drupal-claude-skills/drupal-at-your-fingertips,https://github.com/grasmash/drupal-claude-skills,/Users/AlexUA/drupal-critic/research/drupal-skills/upstream/grasmash__drupal-claude-skills/.claude/skills/drupal-at-your-fingertips/SKILL.md,/Users/AlexUA/drupal-critic/research/drupal-skills/upstream/grasmash__drupal-claude-skills/.claude/skills/drupal-at-your-fingertips,d5690e0aa1e38fd1f991b80dee1d1d869d403cab,mapped-frontmatter-name,b4a42fd88517843053d5ef1677abf6138d3b9291f840fe1f3da41721515ec0e6,grasmash/drupal-claude-skills/drupal-at-your-fingertips,
grasmash/drupal-claude-skills/drupal-config-mgmt,grasmash/drupal-claude-skills,drupal-config-mgmt,drupal-config-mgmt,8,https://skills.sh/grasmash/drupal-claude-skills/drupal-config-mgmt,https://github.com/grasmash/drupal-claude-skills,/Users/AlexUA/drupal-critic/research/drupal-skills/upstream/grasmash__drupal-claude-skills/.claude/skills/drupal-config-mgmt/SKILL.md,/Users/AlexUA/drupal-critic/research/drupal-skills/upstream/grasmash__drupal-claude-skills/.claude/skills/drupal-config-mgmt,d5690e0aa1e38fd1f991b80dee1d1d869d403cab,mapped-frontmatter-name,dfbaa3df9cfbc1f66c4d019cb716756a753eb49df9fce98c18830fcc2d64ec6f,grasmash/drupal-claude-skills/drupal-config-mgmt,
grasmash/drupal-claude-skills/drupal-ddev,grasmash/drupal-claude-skills,drupal-ddev,drupal-ddev,8,https://skills.sh/grasmash/drupal-claude-skills/drupal-ddev,https://github.com/grasmash/drupal-claude-skills,/Users/AlexUA/drupal-critic/research/drupal-skills/upstream/grasmash__drupal-claude-skills/.claude/skills/drupal-ddev/SKILL.md,/Users/AlexUA/drupal-critic/research/drupal-skills/upstream/grasmash__drupal-claude-skills/.claude/skills/drupal-ddev,d5690e0aa1e38fd1f991b80dee1d1d869d403cab,mapped-frontmatter-name,7a5b21bbe2849658f1148073a1b3252d4dbad91f64eb0a27cabc07dc84c3e596,grasmash/drupal-claude-skills/drupal-ddev,
kanopi/cms-cultivator/drupalorg-contribution-helper,kanopi/cms-cultivator,drupalorg-contribution-helper,drupalorg-contribution-helper,8,https://skills.sh/kanopi/cms-cultivator/drupalorg-contribution-helper,https://github.com/kanopi/cms-cultivator,/Users/AlexUA/drupal-critic/research/drupal-skills/upstream/kanopi__cms-cultivator/skills/drupalorg-contribution-helper/SKILL.md,/Users/AlexUA/drupal-critic/research/drupal-skills/upstream/kanopi__cms-cultivator/skills/drupalorg-contribution-helper,f539b9044d91565669b8e64f81c4f9f06729e2fa,mapped-frontmatter-name,df13ec18e4e7b176128e3903289707ffd98e0f13704b927c072ad06ce832d976,kanopi/cms-cultivator/drupalorg-contribution-helper,
madsnorgaard/drupal-agent-resources/drupal-expert,madsnorgaard/drupal-agent-resources,drupal-expert,drupal-expert,8,https://skills.sh/madsnorgaard/drupal-agent-resources/drupal-expert,https://github.com/madsnorgaard/drupal-agent-resources,/Users/AlexUA/drupal-critic/research/drupal-skills/upstream/madsnorgaard__drupal-agent-resources/.claude/skills/drupal-expert/SKILL.md,/Users/AlexUA/drupal-critic/research/drupal-skills/upstream/madsnorgaard__drupal-agent-resources/.claude/skills/drupal-expert,9cb92d8e129f9cb6a11e3bfb4fb06bddbe4e5f21,mapped-frontmatter-name,15e924220d1b41ae135d0f19ec24fabb081ef60e882e30df8ff630ec28e68b91,madsnorgaard/agent-resources/drupal-expert,madsnorgaard/agent-resources/drupal-expert
drupal-canvas/skills/canvas-component-naming,drupal-canvas/skills,canvas-component-naming,canvas-component-naming,7,https://skills.sh/drupal-canvas/skills/canvas-component-naming,https://github.com/drupal-canvas/skills,,,,unresolved,,,
drupal-canvas/skills/canvas-slots-for-repeatable-content,drupal-canvas/skills,canvas-slots-for-repeatable-content,canvas-slots-for-repeatable-content,7,https://skills.sh/drupal-canvas/skills/canvas-slots-for-repeatable-content,https://github.com/drupal-canvas/skills,,,,unresolved,,,
sparkfabrik/sf-awesome-copilot/drupal-lazy-builders,sparkfabrik/sf-awesome-copilot,drupal-lazy-builders,drupal-lazy-builders,7,https://skills.sh/sparkfabrik/sf-awesome-copilot/drupal-lazy-builders,https://github.com/sparkfabrik/sf-awesome-copilot,/Users/AlexUA/drupal-critic/research/drupal-skills/upstream/sparkfabrik__sf-awesome-copilot/skills/drupal/cache/drupal-lazy-builders/SKILL.md,/Users/AlexUA/drupal-critic/research/drupal-skills/upstream/sparkfabrik__sf-awesome-copilot/skills/drupal/cache/drupal-lazy-builders,05c1602a3249a496e3d790a1a910e02e40edd7ef,mapped-frontmatter-name,32b50fddf21e09c956bb84993896ace5ac58b725ef55817cde972fab2778ed09,sparkfabrik/sf-awesome-copilot/drupal-lazy-builders,
factorial-io/skills/drupal-recipe-content,factorial-io/skills,drupal-recipe-content,drupal-recipe-content,6,https://skills.sh/factorial-io/skills/drupal-recipe-content,https://github.com/factorial-io/skills,/Users/AlexUA/drupal-critic/research/drupal-skills/upstream/factorial-io__skills/create-drupal-recipe/SKILL.md,/Users/AlexUA/drupal-critic/research/drupal-skills/upstream/factorial-io__skills/create-drupal-recipe,9548fc63999294e7fc8361638e236274deff4314,mapped-frontmatter-name,99a91d6b60e9cc62c89c4a990ba9aa56f972910cad1110dadaba9a6f272c3f55,factorial-io/skills/drupal-recipe-content,
omedia/drupal-skill/drupal-backend,omedia/drupal-skill,drupal-backend,drupal-backend,6,https://skills.sh/omedia/drupal-skill/drupal-backend,https://github.com/omedia/drupal-skill,/Users/AlexUA/drupal-critic/research/drupal-skills/upstream/omedia__drupal-skill/drupal-backend/SKILL.md,/Users/AlexUA/drupal-critic/research/drupal-skills/upstream/omedia__drupal-skill/drupal-backend,4a19d4ea80f2dd2bea2160c1a12bc425a6e13aa6,mapped-frontmatter-name,ba66654626364a38102b57081430e32cbe24aae3c1077ba99571fed69986320d,omedia/drupal-skill/drupal-backend,
ronaldtebrake/drupal-coding-standards-skill/drupal-coding-standards,ronaldtebrake/drupal-coding-standards-skill,drupal-coding-standards,drupal-coding-standards,6,https://skills.sh/ronaldtebrake/drupal-coding-standards-skill/drupal-coding-standards,https://github.com/ronaldtebrake/drupal-coding-standards-skill,/Users/AlexUA/drupal-critic/research/drupal-skills/upstream/ronaldtebrake__drupal-coding-standards-skill/.claude/skills/drupal-coding-standards/SKILL.md,/Users/AlexUA/drupal-critic/research/drupal-skills/upstream/ronaldtebrake__drupal-coding-standards-skill/.claude/skills/drupal-coding-standards,3e91251cf81a604c2c10c24f353641666391840a,mapped-frontmatter-name,4e4ee35a8babea0925478b36df42671db414fb6f3393305c703d77f46095dcf2,ronaldtebrake/drupal-coding-standards-skill/drupal-coding-standards,
scottfalconer/drupal-issue-queue/drupal-issue-queue,scottfalconer/drupal-issue-queue,drupal-issue-queue,drupal-issue-queue,6,https://skills.sh/scottfalconer/drupal-issue-queue/drupal-issue-queue,https://github.com/scottfalconer/drupal-issue-queue,/Users/AlexUA/drupal-critic/research/drupal-skills/upstream/scottfalconer__drupal-issue-queue/SKILL.md,/Users/AlexUA/drupal-critic/research/drupal-skills/upstream/scottfalconer__drupal-issue-queue,7be7938d85ca71a1581d913d19cba0aa67c7f2c0,mapped-frontmatter-name,7c6e6e662ce9b2670e3c646a6e53bf0d530196058ffc2d8687d52305f40ff03e,scottfalconer/drupal-issue-queue/drupal-issue-queue,
sparkfabrik/sf-awesome-copilot/drupal-cache-contexts,sparkfabrik/sf-awesome-copilot,drupal-cache-contexts,drupal-cache-contexts,6,https://skills.sh/sparkfabrik/sf-awesome-copilot/drupal-cache-contexts,https://github.com/sparkfabrik/sf-awesome-copilot,/Users/AlexUA/drupal-critic/research/drupal-skills/upstream/sparkfabrik__sf-awesome-copilot/skills/drupal/cache/drupal-cache-contexts/SKILL.md,/Users/AlexUA/drupal-critic/research/drupal-skills/upstream/sparkfabrik__sf-awesome-copilot/skills/drupal/cache/drupal-cache-contexts,05c1602a3249a496e3d790a1a910e02e40edd7ef,mapped-frontmatter-name,fa005bcfaaf8f88bff5030f7ab49b84614c04ca978192813a749327f22218d5c,sparkfabrik/sf-awesome-copilot/drupal-cache-contexts,
grasmash/drupal-claude-skills/drupal-contrib-mgmt,grasmash/drupal-claude-skills,drupal-contrib-mgmt,drupal-contrib-mgmt,5,https://skills.sh/grasmash/drupal-claude-skills/drupal-contrib-mgmt,https://github.com/grasmash/drupal-claude-skills,/Users/AlexUA/drupal-critic/research/drupal-skills/upstream/grasmash__drupal-claude-skills/.claude/skills/drupal-contrib-mgmt/SKILL.md,/Users/AlexUA/drupal-critic/research/drupal-skills/upstream/grasmash__drupal-claude-skills/.claude/skills/drupal-contrib-mgmt,d5690e0aa1e38fd1f991b80dee1d1d869d403cab,mapped-frontmatter-name,e8c106aee2ed569a51042fe963bf875d8a343b85b4b3aaedf224661401b0a7b0,grasmash/drupal-claude-skills/drupal-contrib-mgmt,
grasmash/drupal-claude-skills/ivangrynenko-cursorrules-drupal,grasmash/drupal-claude-skills,ivangrynenko-cursorrules-drupal,ivangrynenko-cursorrules-drupal,5,https://skills.sh/grasmash/drupal-claude-skills/ivangrynenko-cursorrules-drupal,https://github.com/grasmash/drupal-claude-skills,/Users/AlexUA/drupal-critic/research/drupal-skills/upstream/grasmash__drupal-claude-skills/.claude/skills/ivangrynenko-cursorrules-drupal/SKILL.md,/Users/AlexUA/drupal-critic/research/drupal-skills/upstream/grasmash__drupal-claude-skills/.claude/skills/ivangrynenko-cursorrules-drupal,d5690e0aa1e38fd1f991b80dee1d1d869d403cab,mapped-frontmatter-name,cc43c49ad6eaf681482ebfa61026217626a297fcc228f473f31d01b9e8cd4908,grasmash/drupal-claude-skills/ivangrynenko-cursorrules-drupal,
madsnorgaard/drupal-agent-resources/ddev-expert,madsnorgaard/drupal-agent-resources,ddev-expert,ddev-expert,5,https://skills.sh/madsnorgaard/drupal-agent-resources/ddev-expert,https://github.com/madsnorgaard/drupal-agent-resources,/Users/AlexUA/drupal-critic/research/drupal-skills/upstream/madsnorgaard__drupal-agent-resources/.claude/skills/ddev-expert/SKILL.md,/Users/AlexUA/drupal-critic/research/drupal-skills/upstream/madsnorgaard__drupal-agent-resources/.claude/skills/ddev-expert,9cb92d8e129f9cb6a11e3bfb4fb06bddbe4e5f21,mapped-frontmatter-name,df53c342e7a1e47707979c0c788036aa17121e1245e927ab789210c74722ae0e,madsnorgaard/drupal-agent-resources/ddev-expert,
scottfalconer/drupal-contribute-fix/drupal-contribute-fix,scottfalconer/drupal-contribute-fix,drupal-contribute-fix,drupal-contribute-fix,5,https://skills.sh/scottfalconer/drupal-contribute-fix/drupal-contribute-fix,https://github.com/scottfalconer/drupal-contribute-fix,/Users/AlexUA/drupal-critic/research/drupal-skills/upstream/scottfalconer__drupal-contribute-fix/SKILL.md,/Users/AlexUA/drupal-critic/research/drupal-skills/upstream/scottfalconer__drupal-contribute-fix,801cee9b6ebe2e6c9ab5740cdc3085de5ea3009a,mapped-frontmatter-name,3193cbca3bf19c1a3b60f6025f68a713f8a4b1182835dab51d4c1482345d8d13,scottfalconer/drupal-contribute-fix/drupal-contribute-fix,
scottfalconer/drupal-intent-testing/drupal-intent-testing,scottfalconer/drupal-intent-testing,drupal-intent-testing,drupal-intent-testing,5,https://skills.sh/scottfalconer/drupal-intent-testing/drupal-intent-testing,https://github.com/scottfalconer/drupal-intent-testing,/Users/AlexUA/drupal-critic/research/drupal-skills/upstream/scottfalconer__drupal-intent-testing/SKILL.md,/Users/AlexUA/drupal-critic/research/drupal-skills/upstream/scottfalconer__drupal-intent-testing,f5f3cb1662689f17fd0d9b855b7653b9b95401d6,mapped-frontmatter-name,d9a5926df43ea6194fdff103711a7d977050a7966424cd1cfc61376abe5b793c,scottfalconer/drupal-intent-testing/drupal-intent-testing,
madsnorgaard/drupal-agent-resources/docker-local,madsnorgaard/drupal-agent-resources,docker-local,docker-local,4,https://skills.sh/madsnorgaard/drupal-agent-resources/docker-local,https://github.com/madsnorgaard/drupal-agent-resources,/Users/AlexUA/drupal-critic/research/drupal-skills/upstream/madsnorgaard__drupal-agent-resources/.claude/skills/docker-local/SKILL.md,/Users/AlexUA/drupal-critic/research/drupal-skills/upstream/madsnorgaard__drupal-agent-resources/.claude/skills/docker-local,9cb92d8e129f9cb6a11e3bfb4fb06bddbe4e5f21,mapped-frontmatter-name,68589a1b890e92b523f8b82943d9918d5ebe58e2cab6dda18a84b8313ba9ba7b,madsnorgaard/drupal-agent-resources/docker-local,
madsnorgaard/drupal-agent-resources/drupal-migration,madsnorgaard/drupal-agent-resources,drupal-migration,drupal-migration,4,https://skills.sh/madsnorgaard/drupal-agent-resources/drupal-migration,https://github.com/madsnorgaard/drupal-agent-resources,/Users/AlexUA/drupal-critic/research/drupal-skills/upstream/madsnorgaard__drupal-agent-resources/.claude/skills/drupal-migration/SKILL.md,/Users/AlexUA/drupal-critic/research/drupal-skills/upstream/madsnorgaard__drupal-agent-resources/.claude/skills/drupal-migration,9cb92d8e129f9cb6a11e3bfb4fb06bddbe4e5f21,mapped-frontmatter-name,09d65aeb886aaedd7ba83549f44492726dd59d434da5743610b2d59600ab19f0,madsnorgaard/agent-resources/drupal-migration,madsnorgaard/agent-resources/drupal-migration
madsnorgaard/drupal-agent-resources/drupal-security,madsnorgaard/drupal-agent-resources,drupal-security,drupal-security,4,https://skills.sh/madsnorgaard/drupal-agent-resources/drupal-security,https://github.com/madsnorgaard/drupal-agent-resources,/Users/AlexUA/drupal-critic/research/drupal-skills/upstream/madsnorgaard__drupal-agent-resources/.claude/skills/drupal-security/SKILL.md,/Users/AlexUA/drupal-critic/research/drupal-skills/upstream/madsnorgaard__drupal-agent-resources/.claude/skills/drupal-security,9cb92d8e129f9cb6a11e3bfb4fb06bddbe4e5f21,mapped-frontmatter-name,6ecaae5ae5cae8b7ddd3b48ca9dce41c2b85186593def6f15b17536d2f19586e,madsnorgaard/agent-resources/drupal-security,madsnorgaard/agent-resources/drupal-security
omedia/drupal-skill/drupal-tooling,omedia/drupal-skill,drupal-tooling,drupal-tooling,4,https://skills.sh/omedia/drupal-skill/drupal-tooling,https://github.com/omedia/drupal-skill,/Users/AlexUA/drupal-critic/research/drupal-skills/upstream/omedia__drupal-skill/drupal-tooling/SKILL.md,/Users/AlexUA/drupal-critic/research/drupal-skills/upstream/omedia__drupal-skill/drupal-tooling,4a19d4ea80f2dd2bea2160c1a12bc425a6e13aa6,mapped-frontmatter-name,210316a4264cabcc22fc910750270fecf744074ee7928dd912e3b18bda335f8d,omedia/drupal-skill/drupal-tooling,
sparkfabrik/sf-awesome-copilot/drupal-cache-debugging,sparkfabrik/sf-awesome-copilot,drupal-cache-debugging,drupal-cache-debugging,4,https://skills.sh/sparkfabrik/sf-awesome-copilot/drupal-cache-debugging,https://github.com/sparkfabrik/sf-awesome-copilot,/Users/AlexUA/drupal-critic/research/drupal-skills/upstream/sparkfabrik__sf-awesome-copilot/skills/drupal/cache/drupal-cache-debugging/SKILL.md,/Users/AlexUA/drupal-critic/research/drupal-skills/upstream/sparkfabrik__sf-awesome-copilot/skills/drupal/cache/drupal-cache-debugging,05c1602a3249a496e3d790a1a910e02e40edd7ef,mapped-frontmatter-name,4b2d2e8c35383eef1cb7fe7745b247de1517a52b82ffc60ce8f6db15c2856961,sparkfabrik/sf-awesome-copilot/drupal-cache-debugging,
sparkfabrik/sf-awesome-copilot/drupal-cache-maxage,sparkfabrik/sf-awesome-copilot,drupal-cache-maxage,drupal-cache-maxage,3,https://skills.sh/sparkfabrik/sf-awesome-copilot/drupal-cache-maxage,https://github.com/sparkfabrik/sf-awesome-copilot,/Users/AlexUA/drupal-critic/research/drupal-skills/upstream/sparkfabrik__sf-awesome-copilot/skills/drupal/cache/drupal-cache-maxage/SKILL.md,/Users/AlexUA/drupal-critic/research/drupal-skills/upstream/sparkfabrik__sf-awesome-copilot/skills/drupal/cache/drupal-cache-maxage,05c1602a3249a496e3d790a1a910e02e40edd7ef,mapped-frontmatter-name,6056186728c219bf41b0f3e66e550a0a9c33e879753d67a11a91b7fe34a39b37,sparkfabrik/sf-awesome-copilot/drupal-cache-maxage,
sparkfabrik/sf-awesome-copilot/drupal-cache-tags,sparkfabrik/sf-awesome-copilot,drupal-cache-tags,drupal-cache-tags,3,https://skills.sh/sparkfabrik/sf-awesome-copilot/drupal-cache-tags,https://github.com/sparkfabrik/sf-awesome-copilot,/Users/AlexUA/drupal-critic/research/drupal-skills/upstream/sparkfabrik__sf-awesome-copilot/skills/drupal/cache/drupal-cache-tags/SKILL.md,/Users/AlexUA/drupal-critic/research/drupal-skills/upstream/sparkfabrik__sf-awesome-copilot/skills/drupal/cache/drupal-cache-tags,05c1602a3249a496e3d790a1a910e02e40edd7ef,mapped-frontmatter-name,6035a0a8031b8341afbdb877e488baf9f21f575e04d82965e98a38a4704c263e,sparkfabrik/sf-awesome-copilot/drupal-cache-tags,
sparkfabrik/sf-awesome-copilot/drupal-dynamic-cache,sparkfabrik/sf-awesome-copilot,drupal-dynamic-cache,drupal-dynamic-cache,3,https://skills.sh/sparkfabrik/sf-awesome-copilot/drupal-dynamic-cache,https://github.com/sparkfabrik/sf-awesome-copilot,/Users/AlexUA/drupal-critic/research/drupal-skills/upstream/sparkfabrik__sf-awesome-copilot/skills/drupal/cache/drupal-dynamic-cache/SKILL.md,/Users/AlexUA/drupal-critic/research/drupal-skills/upstream/sparkfabrik__sf-awesome-copilot/skills/drupal/cache/drupal-dynamic-cache,05c1602a3249a496e3d790a1a910e02e40edd7ef,mapped-frontmatter-name,def624cb09be57fa12bfb6fe370878975b1c5b22a3bc9c6b16f4e0419ad2163b,sparkfabrik/sf-awesome-copilot/drupal-dynamic-cache,
sparkfabrik/sf-awesome-copilot/sparkfabrik-drupal-containers,sparkfabrik/sf-awesome-copilot,sparkfabrik-drupal-containers,sparkfabrik-drupal-containers,2,https://skills.sh/sparkfabrik/sf-awesome-copilot/sparkfabrik-drupal-containers,https://github.com/sparkfabrik/sf-awesome-copilot,/Users/AlexUA/drupal-critic/research/drupal-skills/upstream/sparkfabrik__sf-awesome-copilot/skills/drupal/pkg-skills/SKILL.md,/Users/AlexUA/drupal-critic/research/drupal-skills/upstream/sparkfabrik__sf-awesome-copilot/skills/drupal/pkg-skills,05c1602a3249a496e3d790a1a910e02e40edd7ef,mapped-frontmatter-name,8ab82bf3116d040e1ed5b5356930c33040af199f251d1d19afcf7d1beb716849,sparkfabrik/sf-awesome-copilot/sparkfabrik-drupal-containers,
neversight/learn-skills.dev/drupal-migration,neversight/learn-skills.dev,drupal-migration,drupal-migration,1,https://skills.sh/neversight/learn-skills.dev/drupal-migration,https://github.com/neversight/learn-skills.dev,/Users/AlexUA/drupal-critic/research/drupal-skills/upstream/neversight__learn-skills.dev/data/skills-md/madsnorgaard/agent-resources/drupal-migration/SKILL.md,/Users/AlexUA/drupal-critic/research/drupal-skills/upstream/neversight__learn-skills.dev/data/skills-md/madsnorgaard/agent-resources/drupal-migration,f6f47a92d721ef2462d4bf98e69d96b8acde1f0b,mapped-frontmatter-name,09d65aeb886aaedd7ba83549f44492726dd59d434da5743610b2d59600ab19f0,madsnorgaard/agent-resources/drupal-migration,madsnorgaard/agent-resources/drupal-migration
